-- liquibase formatted sql

-- Changeset kristina:2024-01-23-insert-permission-data
insert into vzk_roles.permissions (id, name, is_active)
values  (0x0201C21DF47B4808B5DBA5B91ED0EA27, 'edit-result', 1),
        (0x038D5232CA23414EBE216987692FEA4C, 'change-player-picture', 1),
        (0x0CB3363835FA402A876975210921D027, 'delete-result', 1),
        (0x10ACFC4E74E14A868D5BD3B2BDF933C5, 'edit-teams', 1),
        (0x1832369D95604B768F0FAE360C908450, 'view-user-profile-non-owner', 1),
        (0x187AA51264F940DC9A352EDFF9A28E29, 'view-all-profiles', 1),
        (0x1A0B34BD9F794B14AFC6AD804483752E, 'delete-event', 1),
        (0x1CC59FFD0B4A4F109C52470ACA5C1AD3, 'edit-article', 1),
        (0x1F7317C355D345AFAC1110BFF6A8412E, 'create-event', 1),
        (0x448E803502B345839E57464F9B839517, 'edit-user-admin', 1),
        (0x451D8266336446509CEE4A97F33CA1D3, 'change-player-info', 1),
        (0x4F5D70DAA9A645B29CCF988B4C1AA936, 'edit-user-profile', 1),
        (0x534660F9DB7E4962B36509CF788DC6A1, 'view-all-contact-requests', 1),
        (0x5945FADDB1AD4886A6CC302BB1860A40, 'edit-player-admin', 1),
        (0x6BA5A147D0714533975E2D26444E04D2, 'edit-player-profile', 1),
        (0x6EB27E822A0645DFB974500E45B7679F, 'create-article', 1),
        (0x6FE708E9864A47A0A2733BF9E9259389, 'change-partner-details', 1),
        (0x8322433EB0434D68AA98921498EDD08F, 'edit-own-team', 1),
        (0x86E04CC2C4FE403BA6B5CE8513070589, 'create-result', 1),
        (0x995BB7C7386A4E3D9A5E2FB3E7180561, 'guest-permissions', 1),
        (0x9B9D91401A4048ADBCD3B7C27430ED5C, 'view-all-players', 1),
        (0xA55DA6279A384553BA9E2D382570F4BE, 'edit-translations', 1),
        (0xB05D096E28E14B74B1BD64D5B430E5E8, 'delete-article', 1),
        (0xB4305871A56942AEB37F455DE5706E9C, 'edit-event', 1),
        (0xB783FC1BC9FF419BA64AB64CECE750AD, 'delete-player', 1),
        (0xD4B551F6E3F34083A600FD26F867D6C8, 'view-player-profile', 1),
        (0xD5BF3FB1996F45218BE14EF879407FB7, 'respond-to-contact-request', 1),
        (0xDBBE9452C2EC43F79D1E3525E02E0B59, 'view-all-players', 1),
        (0xE3AD257FDD5C41519063E5D6438A6B1E, 'assign-roles-to-profiles', 1),
        (0xED725B82750F47B4B2742B9A397D6C79, 'view-user-profile', 1),
        (0xED9B6711F24E46F5A578320F722BFB7C, 'view-player-profile-non-owner', 1),
        (0xEF4BF4CD53434EC58A90DD019C9CA306, 'edit-about', 1);

-- Changeset kristina:2024-01-23-insert-role-data
insert into vzk_roles.role (id, name, is_active)
values  (0x6C68AC6D98724A6F860787FC00E68007, 'manager', 1),
        (0x7A323532E04344E89CA9E814EBEDA527, 'coach', 1),
        (0x9039E8C109AE491B907A0C5A1E72B509, 'partner', 1),
        (0x91EF905A517E43C395BA54CAE65835E8, 'player', 1),
        (0x9566378F4DEB4AB683858A579E6AD91D, 'admin', 1),
        (0xA78D044D1CA543468C165291052FB586, 'caster', 1),
        (0xCA182BAF017D4C4F97691D82FAC073D8, 'user', 1),
        (0xDA870AD006B647BB875F6FDC88327C06, 'guest', 1);

-- Changeset kristina:2024-01-23-insert-role-permission-data
insert into vzk_roles.roles_permissions (id_roles, id_permissions)
values  (0x6C68AC6D98724A6F860787FC00E68007, 0x0201C21DF47B4808B5DBA5B91ED0EA27),
        (0x9566378F4DEB4AB683858A579E6AD91D, 0x0201C21DF47B4808B5DBA5B91ED0EA27),
        (0x6C68AC6D98724A6F860787FC00E68007, 0x038D5232CA23414EBE216987692FEA4C),
        (0x7A323532E04344E89CA9E814EBEDA527, 0x038D5232CA23414EBE216987692FEA4C),
        (0x91EF905A517E43C395BA54CAE65835E8, 0x038D5232CA23414EBE216987692FEA4C),
        (0x9566378F4DEB4AB683858A579E6AD91D, 0x038D5232CA23414EBE216987692FEA4C),
        (0xCA182BAF017D4C4F97691D82FAC073D8, 0x038D5232CA23414EBE216987692FEA4C),
        (0x6C68AC6D98724A6F860787FC00E68007, 0x0CB3363835FA402A876975210921D027),
        (0x9566378F4DEB4AB683858A579E6AD91D, 0x0CB3363835FA402A876975210921D027),
        (0x6C68AC6D98724A6F860787FC00E68007, 0x10ACFC4E74E14A868D5BD3B2BDF933C5),
        (0x9566378F4DEB4AB683858A579E6AD91D, 0x10ACFC4E74E14A868D5BD3B2BDF933C5),
        (0x9566378F4DEB4AB683858A579E6AD91D, 0x1832369D95604B768F0FAE360C908450),
        (0x9566378F4DEB4AB683858A579E6AD91D, 0x187AA51264F940DC9A352EDFF9A28E29),
        (0x6C68AC6D98724A6F860787FC00E68007, 0x1A0B34BD9F794B14AFC6AD804483752E),
        (0x9566378F4DEB4AB683858A579E6AD91D, 0x1A0B34BD9F794B14AFC6AD804483752E),
        (0x6C68AC6D98724A6F860787FC00E68007, 0x1CC59FFD0B4A4F109C52470ACA5C1AD3),
        (0x9566378F4DEB4AB683858A579E6AD91D, 0x1CC59FFD0B4A4F109C52470ACA5C1AD3),
        (0x6C68AC6D98724A6F860787FC00E68007, 0x1F7317C355D345AFAC1110BFF6A8412E),
        (0x9566378F4DEB4AB683858A579E6AD91D, 0x1F7317C355D345AFAC1110BFF6A8412E),
        (0x9566378F4DEB4AB683858A579E6AD91D, 0x448E803502B345839E57464F9B839517),
        (0x6C68AC6D98724A6F860787FC00E68007, 0x451D8266336446509CEE4A97F33CA1D3),
        (0x7A323532E04344E89CA9E814EBEDA527, 0x451D8266336446509CEE4A97F33CA1D3),
        (0x91EF905A517E43C395BA54CAE65835E8, 0x451D8266336446509CEE4A97F33CA1D3),
        (0x9566378F4DEB4AB683858A579E6AD91D, 0x451D8266336446509CEE4A97F33CA1D3),
        (0xCA182BAF017D4C4F97691D82FAC073D8, 0x451D8266336446509CEE4A97F33CA1D3),
        (0x6C68AC6D98724A6F860787FC00E68007, 0x4F5D70DAA9A645B29CCF988B4C1AA936),
        (0x7A323532E04344E89CA9E814EBEDA527, 0x4F5D70DAA9A645B29CCF988B4C1AA936),
        (0x9039E8C109AE491B907A0C5A1E72B509, 0x4F5D70DAA9A645B29CCF988B4C1AA936),
        (0x91EF905A517E43C395BA54CAE65835E8, 0x4F5D70DAA9A645B29CCF988B4C1AA936),
        (0x9566378F4DEB4AB683858A579E6AD91D, 0x4F5D70DAA9A645B29CCF988B4C1AA936),
        (0xA78D044D1CA543468C165291052FB586, 0x4F5D70DAA9A645B29CCF988B4C1AA936),
        (0xCA182BAF017D4C4F97691D82FAC073D8, 0x4F5D70DAA9A645B29CCF988B4C1AA936),
        (0x9566378F4DEB4AB683858A579E6AD91D, 0x534660F9DB7E4962B36509CF788DC6A1),
        (0x6C68AC6D98724A6F860787FC00E68007, 0x5945FADDB1AD4886A6CC302BB1860A40),
        (0x7A323532E04344E89CA9E814EBEDA527, 0x5945FADDB1AD4886A6CC302BB1860A40),
        (0x9566378F4DEB4AB683858A579E6AD91D, 0x5945FADDB1AD4886A6CC302BB1860A40),
        (0x6C68AC6D98724A6F860787FC00E68007, 0x6BA5A147D0714533975E2D26444E04D2),
        (0x7A323532E04344E89CA9E814EBEDA527, 0x6BA5A147D0714533975E2D26444E04D2),
        (0x91EF905A517E43C395BA54CAE65835E8, 0x6BA5A147D0714533975E2D26444E04D2),
        (0xA78D044D1CA543468C165291052FB586, 0x6BA5A147D0714533975E2D26444E04D2),
        (0x6C68AC6D98724A6F860787FC00E68007, 0x6EB27E822A0645DFB974500E45B7679F),
        (0x9566378F4DEB4AB683858A579E6AD91D, 0x6EB27E822A0645DFB974500E45B7679F),
        (0x9039E8C109AE491B907A0C5A1E72B509, 0x6FE708E9864A47A0A2733BF9E9259389),
        (0x9566378F4DEB4AB683858A579E6AD91D, 0x6FE708E9864A47A0A2733BF9E9259389),
        (0x6C68AC6D98724A6F860787FC00E68007, 0x8322433EB0434D68AA98921498EDD08F),
        (0x9566378F4DEB4AB683858A579E6AD91D, 0x8322433EB0434D68AA98921498EDD08F),
        (0x6C68AC6D98724A6F860787FC00E68007, 0x86E04CC2C4FE403BA6B5CE8513070589),
        (0x9566378F4DEB4AB683858A579E6AD91D, 0x86E04CC2C4FE403BA6B5CE8513070589),
        (0x6C68AC6D98724A6F860787FC00E68007, 0x995BB7C7386A4E3D9A5E2FB3E7180561),
        (0x7A323532E04344E89CA9E814EBEDA527, 0x995BB7C7386A4E3D9A5E2FB3E7180561),
        (0x9039E8C109AE491B907A0C5A1E72B509, 0x995BB7C7386A4E3D9A5E2FB3E7180561),
        (0x91EF905A517E43C395BA54CAE65835E8, 0x995BB7C7386A4E3D9A5E2FB3E7180561),
        (0x9566378F4DEB4AB683858A579E6AD91D, 0x995BB7C7386A4E3D9A5E2FB3E7180561),
        (0xCA182BAF017D4C4F97691D82FAC073D8, 0x995BB7C7386A4E3D9A5E2FB3E7180561),
        (0xDA870AD006B647BB875F6FDC88327C06, 0x995BB7C7386A4E3D9A5E2FB3E7180561),
        (0x6C68AC6D98724A6F860787FC00E68007, 0x9B9D91401A4048ADBCD3B7C27430ED5C),
        (0x9566378F4DEB4AB683858A579E6AD91D, 0x9B9D91401A4048ADBCD3B7C27430ED5C),
        (0x9566378F4DEB4AB683858A579E6AD91D, 0xA55DA6279A384553BA9E2D382570F4BE),
        (0x6C68AC6D98724A6F860787FC00E68007, 0xB05D096E28E14B74B1BD64D5B430E5E8),
        (0x9566378F4DEB4AB683858A579E6AD91D, 0xB05D096E28E14B74B1BD64D5B430E5E8),
        (0x6C68AC6D98724A6F860787FC00E68007, 0xB4305871A56942AEB37F455DE5706E9C),
        (0x9566378F4DEB4AB683858A579E6AD91D, 0xB4305871A56942AEB37F455DE5706E9C),
        (0x9566378F4DEB4AB683858A579E6AD91D, 0xB783FC1BC9FF419BA64AB64CECE750AD),
        (0x6C68AC6D98724A6F860787FC00E68007, 0xD4B551F6E3F34083A600FD26F867D6C8),
        (0x7A323532E04344E89CA9E814EBEDA527, 0xD4B551F6E3F34083A600FD26F867D6C8),
        (0xA78D044D1CA543468C165291052FB586, 0xD4B551F6E3F34083A600FD26F867D6C8),
        (0x9566378F4DEB4AB683858A579E6AD91D, 0xD5BF3FB1996F45218BE14EF879407FB7),
        (0x6C68AC6D98724A6F860787FC00E68007, 0xDBBE9452C2EC43F79D1E3525E02E0B59),
        (0x9566378F4DEB4AB683858A579E6AD91D, 0xDBBE9452C2EC43F79D1E3525E02E0B59),
        (0x9566378F4DEB4AB683858A579E6AD91D, 0xE3AD257FDD5C41519063E5D6438A6B1E),
        (0x6C68AC6D98724A6F860787FC00E68007, 0xED725B82750F47B4B2742B9A397D6C79),
        (0x7A323532E04344E89CA9E814EBEDA527, 0xED725B82750F47B4B2742B9A397D6C79),
        (0x9039E8C109AE491B907A0C5A1E72B509, 0xED725B82750F47B4B2742B9A397D6C79),
        (0x91EF905A517E43C395BA54CAE65835E8, 0xED725B82750F47B4B2742B9A397D6C79),
        (0x9566378F4DEB4AB683858A579E6AD91D, 0xED725B82750F47B4B2742B9A397D6C79),
        (0xCA182BAF017D4C4F97691D82FAC073D8, 0xED725B82750F47B4B2742B9A397D6C79),
        (0x6C68AC6D98724A6F860787FC00E68007, 0xED9B6711F24E46F5A578320F722BFB7C),
        (0x7A323532E04344E89CA9E814EBEDA527, 0xED9B6711F24E46F5A578320F722BFB7C),
        (0x9566378F4DEB4AB683858A579E6AD91D, 0xED9B6711F24E46F5A578320F722BFB7C),
        (0x9566378F4DEB4AB683858A579E6AD91D, 0xEF4BF4CD53434EC58A90DD019C9CA306);

-- Changeset kristina:2024-01-23-insert-role-acc-data
insert into vzk_roles.roles_accounts (account_id, role_id)
values  (0x939B312B67B742088E969F5ECDD456DA, 0x6C68AC6D98724A6F860787FC00E68007),
        (0xC3F81E0011F54356A5B4896539FA2811, 0x7A323532E04344E89CA9E814EBEDA527),
        (0x8B77EF7E3496496F8F46B9645BEC4ED4, 0x9039E8C109AE491B907A0C5A1E72B509),
        (0x132D03B77B9F4F40BDCA869CB429DFDD, 0x91EF905A517E43C395BA54CAE65835E8),
        (0x20E2989DF44E47A0908ABF0B7B506317, 0x91EF905A517E43C395BA54CAE65835E8),
        (0x3D57FD73064E43F89FBE83DE3E38C43F, 0x91EF905A517E43C395BA54CAE65835E8),
        (0x47F7732551A8421AB54E900ADE539A30, 0x91EF905A517E43C395BA54CAE65835E8),
        (0xB47E06E29F874CD781B5047C6F17E2EE, 0x91EF905A517E43C395BA54CAE65835E8),
        (0xB4A21E2B241D4387B469A986190B555E, 0x91EF905A517E43C395BA54CAE65835E8),
        (0xB7C8E0B1779048919E5367AC2295F946, 0x91EF905A517E43C395BA54CAE65835E8),
        (0xBFBE93BD973D4B79AFC05AF6BE243932, 0x9566378F4DEB4AB683858A579E6AD91D),
        (0x89B2024938234F76ABBBF7C3EA0AA539, 0xA78D044D1CA543468C165291052FB586),
        (0x2A94B3B3ACCD4A608E5DFF988C36B882, 0xCA182BAF017D4C4F97691D82FAC073D8),
        (0x2E7E9848E98743D58A4FDBD754F2EA2F, 0xCA182BAF017D4C4F97691D82FAC073D8),
        (0x664286B9C95D4E5F82912F136C562C5B, 0xCA182BAF017D4C4F97691D82FAC073D8),
        (0x69B82514A42948FF9531D0458F070710, 0xCA182BAF017D4C4F97691D82FAC073D8),
        (0x7288680F0F6541A9BAAA96FF87D22C56, 0xCA182BAF017D4C4F97691D82FAC073D8),
        (0x8FE4611DF9564109BD6C9494D39EA5BF, 0xCA182BAF017D4C4F97691D82FAC073D8),
        (0x966DF654F15749B6AB4BD8261D3FEB90, 0xCA182BAF017D4C4F97691D82FAC073D8),
        (0xB362892BDC9E4D519F7F27A01EE859CC, 0xCA182BAF017D4C4F97691D82FAC073D8),
        (0xBF03F36A16C84A1DB706ACE17753806A, 0xCA182BAF017D4C4F97691D82FAC073D8),
        (0xC6F13FCAA35B46D08246D5CED498197D, 0xCA182BAF017D4C4F97691D82FAC073D8),
        (0xF3CB6BF348924A4DAD95244D8AF74CE2, 0xCA182BAF017D4C4F97691D82FAC073D8),
        (0xF52D9AA884A24830A508008D43453B75, 0xCA182BAF017D4C4F97691D82FAC073D8);
